Unnamed: 0,Unnamed: 1,Unnamed: 2,Unnamed: 3,Unnamed: 4,Unnamed: 5,Unnamed: 6,Unnamed: 7,Unnamed: 8
,Month,🔗 前月増減分析,,Month,🔗 予実管理,,Month,🔗 Strategy Meeting
,1月,JP 25年1月 販管費増減分析,,1月,2025予算_中期経営計画,,1月,JP Strategy Meeting/Monthly 2025.02.25
,2月,JP 25年2月 販管費増減分析,,2月,,,2月,JP Strategy Meeting/Monthly 2025.03.26
,3月,JP 25年3月 販管費増減分析,,3月,,,3月,JP Strategy Meeting/Monthly 2025.04.28
,4月,JP 25年4月 販管費増減分析,,4月,,,4月,JP Strategy Meeting/Monthly 2025.05.23
,5月,JP 25年5月 販管費増減分析,,5月,,,5月,JP Strategy Meeting/Monthly 2025.06.24
,6月,JP 25年6月 販管費増減分析,,6月,,,6月,JP Strategy Meeting/Monthly 2025.07.24
,7月,JP 25年7月 販管費増減分析,,7月,,,7月,JP Strategy Meeting/Monthly 2025.08.22
,8月,JP 25年8月 販管費増減分析,,8月,,,8月,
,9月,,,9月,,,9月,
,10月,,,10月,,,10月,
,11月,,,11月,,,11月,
,12月,,,12月,,,12月,
